{"cameraMode":{"drawMode":0,"name":"Shaded","section":"Shading Mode"},"sceneLighting":true,"audioPlay":false,"sceneViewState":{"showFog":true,"showMaterialUpdate":true,"showSkybox":true,"showFlares":true,"showImageEffects":true,"showParticleSystems":true},"in2DMode":false,"pivot":{"x":11.858793258666993,"y":5.373020172119141,"z":14.574888229370118},"rotation":{"x":0.06201647222042084,"y":-0.9379948377609253,"z":0.23882560431957246,"w":0.24362465739250184},"size":23.5722713470459,"orthographic":false}