{"cameraMode":{"drawMode":0,"name":"Shaded","section":"Shading Mode"},"sceneLighting":true,"audioPlay":false,"sceneViewState":{"showFog":true,"showMaterialUpdate":false,"showSkybox":true,"showFlares":true,"showImageEffects":true,"showParticleSystems":true},"in2DMode":false,"pivot":{"x":-5.714885711669922,"y":13.480545043945313,"z":-6.712894439697266},"rotation":{"x":-0.3103862702846527,"y":-0.2869778275489807,"z":0.09889904409646988,"w":-0.9008654356002808},"size":7.430981159210205,"orthographic":false}